Target Name,Genotype,Experiment,avgCT,dCT,Line,Cell_type,Treatment,mean_dCT,sd_dCT,se,ddCT,FC,log2FC
MS4A4A,CC,1,24.53,-0.7824999999999989,2607,iMGL,Basal,-1.477761996000001,0.4660870164577705,0.2084404504459276,0.6952619960000022,0.6175971516314708,-0.6952619960000022
MS4A4A,CC,5,24.703845975,-1.8709831250000024,2607,iMGL,Basal,-1.477761996000001,0.4660870164577705,0.2084404504459276,-0.3932211290000014,1.3133224094151625,0.3932211290000014
MS4A4A,CC,6,24.487558365,-1.5766067500000034,2607,iMGL,Basal,-1.477761996000001,0.4660870164577705,0.2084404504459276,-0.09884475400000237,1.0709155775570067,0.09884475400000237
MS4A4A,CC,7,24.789862635,-1.2627201049999996,2607,iMGL,Basal,-1.477761996000001,0.4660870164577705,0.2084404504459276,0.21504189100000137,0.8615211436793984,-0.2150418910000014
MS4A4A,TT,1,24.423,-1.8164999999999976,2607,iMGL,Basal,-1.477761996000001,0.4660870164577705,0.2084404504459276,-0.33873800399999654,1.264649858822631,0.33873800399999643
MS4A4A,TT,5,24.569485665,-1.7147426599999989,2607,iMGL,Basal,-1.477761996000001,0.4660870164577705,0.2084404504459276,-0.23698066399999784,1.1785236123146194,0.23698066399999784
MS4A4A,TT,6,24.74887943,-1.5811033300000013,2607,iMGL,Basal,-1.477761996000001,0.4660870164577705,0.2084404504459276,-0.10334133400000023,1.0742586054477683,0.10334133400000037
MS4A4A,TT,7,24.28306484,-1.871623039999996,2607,iMGL,Basal,-1.477761996000001,0.4660870164577705,0.2084404504459276,-0.393861043999995,1.313905069713104,0.39386104399999505
MS4A6A,CC,1,21.709,-3.6035,2607,iMGL,Basal,-4.35769524,0.4387233737975188,0.19620305742586042,0.75419524,0.5928770101974739,-0.7541952400000002
MS4A6A,CC,5,21.831671715,-4.7431573850000035,2607,iMGL,Basal,-4.35769524,0.4387233737975188,0.19620305742586042,-0.38546214500000353,1.3062781660428278,0.38546214500000364
MS4A6A,CC,6,21.514279365,-4.549885750000001,2607,iMGL,Basal,-4.35769524,0.4387233737975188,0.19620305742586042,-0.19219051000000142,1.1424971053092918,0.19219051000000142
MS4A6A,CC,7,21.606149675,-4.446433064999997,2607,iMGL,Basal,-4.35769524,0.4387233737975188,0.19620305742586042,-0.08873782499999727,1.063439400890575,0.08873782499999733
MS4A6A,TT,1,21.843,-4.3965,2607,iMGL,Basal,-4.35769524,0.4387233737975188,0.19620305742586042,-0.03880475999999966,1.027262410492724,0.03880475999999974
MS4A6A,TT,5,21.668128965,-4.61609936,2607,iMGL,Basal,-4.35769524,0.4387233737975188,0.19620305742586042,-0.2584041199999998,1.196154810325247,0.2584041199999998
MS4A6A,TT,6,21.765557289999997,-4.564425470000003,2607,iMGL,Basal,-4.35769524,0.4387233737975188,0.19620305742586042,-0.20673023000000335,1.1540695975018906,0.20673023000000343
MS4A6A,TT,7,21.242018700000003,-4.912669179999995,2607,iMGL,Basal,-4.35769524,0.4387233737975188,0.19620305742586042,-0.5549739399999947,1.4691420953144876,0.5549739399999946
P2RY12,CC,1,23.9995,-1.3130000000000024,2607,iMGL,Basal,-1.3130000000000024,NA,NA,0,1,0
P2RY12,TT,1,23.959,-2.2805,2607,iMGL,Basal,-1.3130000000000024,NA,NA,-0.9674999999999976,1.9554491224204622,0.9674999999999976
TBP,CC,1,25.3125,0,2607,iMGL,Basal,0,0,0,0,1,0
TBP,CC,5,26.5748291,0,2607,iMGL,Basal,0,0,0,0,1,0
TBP,CC,6,26.064165115,0,2607,iMGL,Basal,0,0,0,0,1,0
TBP,CC,7,26.05258274,0,2607,iMGL,Basal,0,0,0,0,1,0
TBP,TT,1,26.2395,0,2607,iMGL,Basal,0,0,0,0,1,0
TBP,TT,5,26.284228325,0,2607,iMGL,Basal,0,0,0,0,1,0
TBP,TT,6,26.32998276,0,2607,iMGL,Basal,0,0,0,0,1,0
TBP,TT,7,26.154687879999997,0,2607,iMGL,Basal,0,0,0,0,1,0
TREM2,CC,5,21.838944435,-4.735884665,2607,iMGL,Basal,-4.380286535,0.32073002487070656,0.18517356619629782,-0.3555981300000006,1.2795159485604481,0.35559813000000073
TREM2,CC,6,21.772066115,-4.292099,2607,iMGL,Basal,-4.380286535,0.32073002487070656,0.18517356619629782,0.08818753499999943,0.9407038180818225,-0.08818753499999939
TREM2,CC,7,21.9397068,-4.112875939999999,2607,iMGL,Basal,-4.380286535,0.32073002487070656,0.18517356619629782,0.2674105950000012,0.8308093772959033,-0.26741059500000125
TREM2,TT,5,21.68571377,-4.598514555000001,2607,iMGL,Basal,-4.380286535,0.32073002487070656,0.18517356619629782,-0.21822802000000152,1.1633038888504597,0.2182280200000016
TREM2,TT,6,22.14625168,-4.183731080000001,2607,iMGL,Basal,-4.380286535,0.32073002487070656,0.18517356619629782,0.1965554549999986,0.8726315527704855,-0.19655545499999852
TREM2,TT,7,21.98113823,-4.173549649999998,2607,iMGL,Basal,-4.380286535,0.32073002487070656,0.18517356619629782,0.20673688500000154,0.8664948710898831,-0.20673688500000162
MS4A14,CC,615,28.885,2.724499999999999,2607,iMGL,Basal,2.724499999999999,NA,NA,0,1,0
MS4A4A,CC,615,24.2645,-1.8960000000000008,2607,iMGL,Basal,-1.477761996000001,0.4660870164577705,0.2084404504459276,-0.4182380039999998,1.3362945111199238,0.4182380039999998
MS4A6A,CC,615,21.715,-4.445499999999999,2607,iMGL,Basal,-4.35769524,0.4387233737975188,0.19620305742586042,-0.08780475999999915,1.062751842360532,0.08780475999999911
MS4A7,CC,615,22.783,-3.3774999999999977,2607,iMGL,Basal,-3.3774999999999977,NA,NA,0,1,0
TBP,CC,615,26.1605,0,2607,iMGL,Basal,0,0,0,0,1,0
MS4A14,TT,615,29.302,2.782,2607,iMGL,Basal,2.724499999999999,NA,NA,0.057500000000000995,0.9609278384610332,-0.05750000000000098
MS4A4A,TT,615,24.3405,-2.179500000000001,2607,iMGL,Basal,-1.477761996000001,0.4660870164577705,0.2084404504459276,-0.7017380039999999,1.6264630008526573,0.7017380039999997
MS4A6A,TT,615,21.7505,-4.769500000000001,2607,iMGL,Basal,-4.35769524,0.4387233737975188,0.19620305742586042,-0.41180476000000077,1.3303489926949235,0.41180476000000066
MS4A7,TT,615,23.187,-3.3329999999999984,2607,iMGL,Basal,-3.3774999999999977,NA,NA,0.04449999999999932,0.9696258054059447,-0.044499999999999366
TBP,TT,615,26.52,0,2607,iMGL,Basal,0,0,0,0,1,0
MS4A14,CC,47,30.255,3.5954999999999977,3182,iMGL,Basal,2.9372999999999996,0.47604078081609763,0.21289190919337442,0.6581999999999981,0.6336684098336366,-0.658199999999998
MS4A4A,CC,47,24.9715,-1.6880000000000024,3182,iMGL,Basal,-1.8485714285714294,0.5408711667741392,0.20443008551567335,0.16057142857142703,0.8946706359231031,-0.16057142857142695
MS4A6A,CC,47,22.2715,-4.388000000000002,3182,iMGL,Basal,-4.712642857142857,0.3455432575773149,0.1306030752521015,0.32464285714285523,0.7984960316322064,-0.32464285714285523
MS4A7,CC,47,24.127,-2.532499999999999,3182,iMGL,Basal,-2.7360714285714294,0.36418509814967154,0.1376490286999543,0.2035714285714305,0.8683981583176021,-0.20357142857143043
TBP,CC,47,26.6595,0,3182,iMGL,Basal,0,0,0,0,1,0
MS4A14,TT,47,30.557,3.2820000000000036,3182,iMGL,Basal,2.9372999999999996,0.47604078081609763,0.21289190919337442,0.344700000000004,0.7874717096835405,-0.34470000000000406
MS4A4A,TT,47,24.815,-2.460000000000001,3182,iMGL,Basal,-1.8485714285714294,0.5408711667741392,0.20443008551567335,-0.6114285714285714,1.5277712749936494,0.6114285714285714
MS4A6A,TT,47,22.5925,-4.6824999999999974,3182,iMGL,Basal,-4.712642857142857,0.3455432575773149,0.1306030752521015,0.03014285714285947,0.9793233191859041,-0.030142857142859494
MS4A7,TT,47,24.5555,-2.7194999999999965,3182,iMGL,Basal,-2.7360714285714294,0.36418509814967154,0.1376490286999543,0.0165714285714329,0.988579278288377,-0.01657142857143284
TBP,TT,47,27.275,0,3182,iMGL,Basal,0,0,0,0,1,0
ADAM17,CC,4_05,28.381500000000003,-0.8064999999999998,3182,iMGL,Basal,-0.9007500000000013,0.38980026936881434,0.19490013468440717,0.0942500000000015,0.936759104823871,-0.09425000000000144
CD33,CC,4_05,26.659,-2.5290000000000035,3182,iMGL,Basal,-2.1472500000000014,0.4686218269208856,0.2343109134604428,-0.38175000000000203,1.3029213507347124,0.38175000000000214
CLEC7A,CC,4_05,25.188,-4,3182,iMGL,Basal,-4.053625,0.1770439564063124,0.0885219782031562,0.053625000000000256,0.9635123074134815,-0.05362500000000024
GAPDH,CC,4_05,22.563,-6.625,3182,iMGL,Basal,-6.678999999999999,0.23721017403700725,0.11860508701850363,0.05399999999999938,0.9632618940201483,-0.053999999999999465
MS4A14,CC,4_05,31.7125,2.524499999999996,3182,iMGL,Basal,2.9372999999999996,0.47604078081609763,0.21289190919337442,-0.4128000000000034,1.3312670476434283,0.4128000000000034
MS4A4A,CC,4_05,27.240499999999997,-1.9475000000000051,3182,iMGL,Basal,-1.8485714285714294,0.5408711667741392,0.20443008551567335,-0.0989285714285757,1.0709777972187555,0.09892857142857574
MS4A6A,CC,4_05,23.853,-5.335000000000001,3182,iMGL,Basal,-4.712642857142857,0.3455432575773149,0.1306030752521015,-0.6223571428571439,1.5393882525057976,0.6223571428571439
MS4A7,CC,4_05,25.8935,-3.294500000000003,3182,iMGL,Basal,-2.7360714285714294,0.36418509814967154,0.1376490286999543,-0.5584285714285735,1.4726642713763078,0.5584285714285735
TBP,CC,4_05,29.188,0,3182,iMGL,Basal,0,0,0,0,1,0
TREM2,CC,4_05,24.575,-4.613000000000003,3182,iMGL,Basal,-4.227625000000001,0.9018186601713983,0.45090933008569917,-0.38537500000000247,1.3061992635932154,0.3853750000000024
TYROBP,CC,4_05,21.7105,-7.477500000000003,3182,iMGL,Basal,-7.080000000000001,0.44186932457458483,0.22093466228729242,-0.39750000000000174,1.317223357788701,0.3975000000000017
ADAM10,TT,11_18,26.11,-2.9845000000000006,3182,iMGL,Basal,-2.4618333333333324,0.29473731242130513,0.17016666666666735,-0.5226666666666682,1.436608211218345,0.5226666666666683
ADAM17,TT,11_18,28.393,-0.7014999999999993,3182,iMGL,Basal,-0.9007500000000013,0.38980026936881434,0.19490013468440717,0.19925000000000193,0.8710032457031159,-0.199250000000002
CD33,TT,11_18,26.4625,-2.6320000000000014,3182,iMGL,Basal,-2.1472500000000014,0.4686218269208856,0.2343109134604428,-0.48475,1.3993433568584115,0.48475000000000007
CLEC7A,TT,11_18,25.003,-4.0915,3182,iMGL,Basal,-4.053625,0.1770439564063124,0.0885219782031562,-0.03787499999999966,1.0266005937031162,0.03787499999999978
GAPDH,TT,11_18,22.7255,-6.369,3182,iMGL,Basal,-6.678999999999999,0.23721017403700725,0.11860508701850363,0.3099999999999996,0.8066417592221266,-0.30999999999999955
MS4A14,TT,11_18,31.8105,2.716000000000001,3182,iMGL,Basal,2.9372999999999996,0.47604078081609763,0.21289190919337442,-0.2212999999999985,1.1657835908143495,0.22129999999999855
MS4A4A,TT,11_18,26.6915,-2.4030000000000022,3182,iMGL,Basal,-1.8485714285714294,0.5408711667741392,0.20443008551567335,-0.5544285714285728,1.4685868341660784,0.5544285714285728
MS4A6A,TT,11_18,24.286,-4.808499999999999,3182,iMGL,Basal,-4.712642857142857,0.3455432575773149,0.1306030752521015,-0.09585714285714175,1.0687001621851182,0.09585714285714174
MS4A7,TT,11_18,26.756500000000003,-2.3379999999999974,3182,iMGL,Basal,-2.7360714285714294,0.36418509814967154,0.1376490286999543,0.39807142857143196,0.758872053412314,-0.398071428571432
TBP,TT,11_18,29.0945,0,3182,iMGL,Basal,0,0,0,0,1,0
TREM2,TT,11_18,23.9365,-5.157999999999998,3182,iMGL,Basal,-4.227625000000001,0.9018186601713983,0.45090933008569917,-0.9303749999999971,1.9057712992140294,0.930374999999997
TYROBP,TT,11_18,21.8105,-7.283999999999999,3182,iMGL,Basal,-7.080000000000001,0.44186932457458483,0.22093466228729242,-0.20399999999999796,1.151887642349356,0.20399999999999796
ADAM10,CC,11_18,26.997,-2.0444999999999993,3182,iMGL,IFNg,-1.984,0.08555992052357114,0.060499999999999214,-0.06049999999999933,1.04282711455681,0.06049999999999943
ADAM17,CC,11_18,28.4905,-0.5509999999999984,3182,iMGL,IFNg,-0.7407499999999985,0.26834702346029493,0.18975000000000009,0.18975000000000009,0.8767576386743392,-0.18975000000000006
CD33,CC,11_18,26.8695,-2.1720000000000006,3182,iMGL,IFNg,-1.7142499999999998,0.6473562581762854,0.45775000000000077,-0.45775000000000077,1.3733982210318423,0.45775000000000066
CLEC7A,CC,11_18,25.004,-4.037500000000001,3182,iMGL,IFNg,-3.9487500000000004,0.12551145366061392,0.08875000000000122,-0.088750000000001,1.0634483753647188,0.0887500000000011
GAPDH,CC,11_18,22.849,-6.192499999999999,3182,iMGL,IFNg,-6.329999999999998,0.19445436482629957,0.1374999999999993,0.1374999999999993,0.9090931295275597,-0.13749999999999934
MS4A14,CC,11_18,31.966,2.924500000000002,3182,iMGL,IFNg,2.6255000000000006,0.4228498551495572,0.2990000000000012,0.29900000000000126,0.8128156019843193,-0.29900000000000115
MS4A4A,CC,11_18,29.457,0.41550000000000153,3182,iMGL,IFNg,0.598250000000002,0.2584475285236837,0.18275000000000038,-0.1827500000000004,1.1350453967241942,0.1827500000000004
MS4A6A,CC,11_18,24.6545,-4.3870000000000005,3182,iMGL,IFNg,-4.4055,0.026162950903901576,0.018499999999999517,0.018499999999999517,0.987258644374183,-0.018499999999999555
MS4A7,CC,11_18,26.584,-2.4574999999999996,3182,iMGL,IFNg,-2.5837499999999984,0.17854446224960163,0.12624999999999884,0.12624999999999886,0.9162098638474572,-0.12624999999999895
TBP,CC,11_18,29.0415,0,3182,iMGL,IFNg,0,0,0,0,1,0
TREM2,CC,11_18,27.5955,-1.445999999999998,3182,iMGL,IFNg,-0.7467499999999987,0.9888888334893856,0.69924999999999915,-0.6992499999999993,1.6236604965019055,0.6992499999999993
TYROBP,CC,11_18,21.7845,-7.256999999999998,3182,iMGL,IFNg,-6.895999999999999,0.5105310960166857,0.3609999999999988,-0.3609999999999989,1.2843158089894247,0.36099999999999893
ADAM10,TT,11_18,26.7095,-2.783999999999999,3182,iMGL,IFNg,-1.984,0.08555992052357114,0.060499999999999214,-0.7999999999999989,1.741101126592247,0.7999999999999988
ADAM17,TT,11_18,28.1465,-1.3469999999999978,3182,iMGL,IFNg,-0.7407499999999985,0.26834702346029493,0.18975000000000009,-0.6062499999999993,1.5222971519793869,0.6062499999999994
CD33,TT,11_18,26.616,-2.8774999999999977,3182,iMGL,IFNg,-1.7142499999999998,0.6473562581762854,0.45775000000000077,-1.163249999999998,2.239613839189049,1.163249999999998
CLEC7A,TT,11_18,24.9945,-4.498999999999995,3182,iMGL,IFNg,-3.9487500000000004,0.12551145366061392,0.08875000000000122,-0.5502499999999948,1.4643394246469628,0.5502499999999949
GAPDH,TT,11_18,22.643,-6.850499999999997,3182,iMGL,IFNg,-6.329999999999998,0.19445436482629957,0.1374999999999993,-0.5204999999999984,1.4344523051628961,0.5204999999999983
MS4A14,TT,11_18,32.510000000000005,3.0165000000000077,3182,iMGL,IFNg,2.6255000000000006,0.4228498551495572,0.2990000000000012,0.3910000000000071,0.7626008266281382,-0.3910000000000071
MS4A4A,TT,11_18,28.515,-0.9784999999999968,3182,iMGL,IFNg,0.598250000000002,0.2584475285236837,0.18275000000000038,-1.5767499999999988,2.982971099091789,1.5767499999999988
MS4A6A,TT,11_18,24.5,-4.993499999999997,3182,iMGL,IFNg,-4.4055,0.026162950903901576,0.018499999999999517,-0.5879999999999974,1.50316147806556,0.5879999999999974
MS4A7,TT,11_18,27.329,-2.1644999999999968,3182,iMGL,IFNg,-2.5837499999999984,0.17854446224960163,0.12624999999999884,0.4192500000000017,0.747813281785796,-0.4192500000000017
TBP,TT,11_18,29.493499999999997,0,3182,iMGL,IFNg,0,0,0,0,1,0
TREM2,TT,11_18,27.0495,-2.4439999999999955,3182,iMGL,IFNg,-0.7467499999999987,0.9888888334893856,0.69924999999999915,-1.6972499999999968,3.242822369151357,1.6972499999999968
TYROBP,TT,11_18,21.465,-8.028499999999998,3182,iMGL,IFNg,-6.895999999999999,0.5105310960166857,0.3609999999999988,-1.1324999999999985,2.1923832233684406,1.1324999999999985
ADAM10,CC,11_18,26.084000000000003,-2.835499999999996,3182,iMGL,LPS,-2.6222499999999993,0.301581042176058,0.2132499999999968,-0.21324999999999683,1.159296825331072,0.21324999999999672
ADAM17,CC,11_18,28.132,-0.7874999999999979,3182,iMGL,LPS,-0.5232499999999991,0.3737059338570886,0.26424999999999876,-0.26424999999999876,1.2010115288928418,0.26424999999999865
CD33,CC,11_18,26.5295,-2.390000000000001,3182,iMGL,LPS,-1.891750000000002,0.7046319074523931,0.4982499999999989,-0.49824999999999897,1.4124991506294458,0.49824999999999886
CLEC7A,CC,11_18,24.9085,-4.010999999999999,3182,iMGL,LPS,-3.805249999999999,0.2909744404582644,0.20575000000000007,-0.2057500000000001,1.1532857385538948,0.20575000000000002
GAPDH,CC,11_18,22.2565,-6.663,3182,iMGL,LPS,-6.691750000000001,0.040658639918227185,0.028750000000000494,0.028750000000000497,0.9802692683446896,-0.02875000000000057
MS4A14,CC,11_18,31.8955,2.975999999999999,3182,iMGL,LPS,3.282499999999999,0.433456456867353,0.30649999999999955,-0.3064999999999998,1.2367037955318028,0.30649999999999966
MS4A4A,CC,11_18,27.3305,-1.5889999999999986,3182,iMGL,LPS,-0.8227499999999992,1.0836411421683834,0.7662499999999994,-0.7662499999999994,1.7008430282305405,0.7662499999999994
MS4A6A,CC,11_18,24.575,-4.3445,3182,iMGL,LPS,-3.869250000000001,0.6721049955178121,0.47524999999999906,-0.47524999999999906,1.3901590951858147,0.4752499999999991
MS4A7,CC,11_18,26.3245,-2.594999999999999,3182,iMGL,LPS,-2.3840000000000003,0.29839906166072094,0.2109999999999985,-0.21099999999999852,1.1574902169901213,0.21099999999999852
TBP,CC,11_18,28.9195,0,3182,iMGL,LPS,0,0,0,0,1,0
TREM2,CC,11_18,24.5435,-4.375999999999998,3182,iMGL,LPS,-2.7590000000000003,2.286783330357291,1.6169999999999973,-1.6169999999999973,3.0673653193461785,1.6169999999999973
TYROBP,CC,11_18,21.8155,-7.103999999999999,3182,iMGL,LPS,-6.31025,1.122532015133643,0.7937499999999992,-0.7937499999999993,1.7335746953966058,0.7937499999999993
ADAM10,TT,11_18,26.082,-2.6759999999999984,3182,iMGL,LPS,-2.6222499999999993,0.301581042176058,0.2132499999999968,-0.053749999999999076,1.0379593903018405,0.053749999999999035
ADAM17,TT,11_18,27.4915,-1.266499999999997,3182,iMGL,LPS,-0.5232499999999991,0.3737059338570886,0.26424999999999876,-0.743249999999998,1.67394253237208,0.743249999999998
CD33,TT,11_18,26.224,-2.533999999999999,3182,iMGL,LPS,-1.891750000000002,0.7046319074523931,0.4982499999999989,-0.6422499999999969,1.5607613962555762,0.6422499999999969
CLEC7A,TT,11_18,24.6995,-4.058499999999999,3182,iMGL,LPS,-3.805249999999999,0.2909744404582644,0.20575000000000007,-0.25324999999999953,1.1918890953213603,0.25324999999999953
GAPDH,TT,11_18,22.2845,-6.473499999999998,3182,iMGL,LPS,-6.691750000000001,0.040658639918227185,0.028750000000000494,0.21825000000000294,0.8596075147046759,-0.21825000000000286
MS4A14,TT,11_18,32.362,3.604000000000003,3182,iMGL,LPS,3.282499999999999,0.433456456867353,0.30649999999999955,0.32150000000000434,0.8002374214349647,-0.3215000000000044
MS4A4A,TT,11_18,26.408,-2.349999999999998,3182,iMGL,LPS,-0.8227499999999992,1.0836411421683834,0.7662499999999994,-1.5272499999999987,2.882358929143425,1.5272499999999987
MS4A6A,TT,11_18,24.208,-4.550000000000001,3182,iMGL,LPS,-3.869250000000001,0.6721049955178121,0.47524999999999906,-0.6807499999999997,1.6029728607003841,0.6807499999999997
MS4A7,TT,11_18,26.3935,-2.3644999999999996,3182,iMGL,LPS,-2.3840000000000003,0.29839906166072094,0.2109999999999985,0.01950000000000074,0.986574565939259,-0.019500000000000735
TBP,TT,11_18,28.758,0,3182,iMGL,LPS,0,0,0,0,1,0
TREM2,TT,11_18,23.743499999999997,-5.014500000000002,3182,iMGL,LPS,-2.7590000000000003,2.286783330357291,1.6169999999999973,-2.2555000000000014,4.774997573442377,2.2555000000000014
TYROBP,TT,11_18,21.224,-7.533999999999999,3182,iMGL,LPS,-6.31025,1.122532015133643,0.7937499999999992,-1.223749999999999,2.3355300376430184,1.223749999999999
ADAM10,CC,02_10,26.7695,-2.7695000000000007,3182,iMGL,Basal,-2.4618333333333324,0.29473731242130513,0.17016666666666735,-0.3076666666666683,1.2377042873859154,0.3076666666666682
ADAM17,CC,02_10,28.6525,-0.8865000000000016,3182,iMGL,Basal,-0.9007500000000013,0.38980026936881434,0.19490013468440717,0.014249999999999652,0.9901712734589622,-0.01424999999999958
CD33,CC,02_10,27.3485,-2.1905,3182,iMGL,Basal,-2.1472500000000014,0.4686218269208856,0.2343109134604428,-0.04324999999999868,1.0304324984951645,0.0432499999999987
CLEC7A,CC,02_10,25.354,-4.185000000000002,3182,iMGL,Basal,-4.053625,0.1770439564063124,0.0885219782031562,-0.13137500000000202,1.0953371449894436,0.13137500000000193
GAPDH,CC,02_10,22.512,-7.027000000000001,3182,iMGL,Basal,-6.678999999999999,0.23721017403700725,0.11860508701850363,-0.34800000000000164,1.2727949352759445,0.3480000000000017
MS4A4A,CC,02_10,27.8435,-1.695500000000003,3182,iMGL,Basal,-1.8485714285714294,0.5408711667741392,0.20443008551567335,0.15307142857142653,0.899333784568531,-0.15307142857142647
MS4A6A,CC,02_10,24.841,-4.698,3182,iMGL,Basal,-4.712642857142857,0.3455432575773149,0.1306030752521015,0.014642857142856514,0.98990167878517,-0.014642857142856491
MS4A7,CC,02_10,26.854,-2.6850000000000023,3182,iMGL,Basal,-2.7360714285714294,0.36418509814967154,0.1376490286999543,0.0510714285714271,0.9652192351893295,-0.05107142857142703
TBP,CC,02_10,29.539,0,3182,iMGL,Basal,0,0,0,0,1,0
TREM2,CC,02_10,24.5935,-4.945500000000003,3182,iMGL,Basal,-4.227625000000001,0.9018186601713983,0.45090933008569917,-0.717875000000002,1.6447576238623798,0.717875000000002
TYROBP,CC,02_10,22.497,-7.042000000000002,3182,iMGL,Basal,-7.080000000000001,0.44186932457458483,0.22093466228729242,0.03799999999999937,0.9740042685432414,-0.0379999999999994
ADAM10,TT,02_10,26.5055,-3.3065,3182,iMGL,Basal,-2.4618333333333324,0.29473731242130513,0.17016666666666735,-0.8446666666666678,1.795849768428422,0.8446666666666678
CD33,TT,02_10,26.976,-2.8359999999999985,3182,iMGL,Basal,-2.1472500000000014,0.4686218269208856,0.2343109134604428,-0.6887499999999971,1.611886320168868,0.688749999999997
CLEC7A,TT,02_10,25.584,-4.227999999999998,3182,iMGL,Basal,-4.053625,0.1770439564063124,0.0885219782031562,-0.17437499999999773,1.1284754241722956,0.17437499999999764
GAPDH,TT,02_10,22.798,-7.013999999999996,3182,iMGL,Basal,-6.678999999999999,0.23721017403700725,0.11860508701850363,-0.3349999999999964,1.2613774088312464,0.33499999999999636
MS4A14,TT,02_10,34.7,4.888000000000005,3182,iMGL,Basal,2.9372999999999996,0.47604078081609763,0.21289190919337442,1.9507000000000057,0.2586906830023897,-1.9507000000000057
MS4A4A,TT,02_10,26.699,-3.1129999999999995,3182,iMGL,Basal,-1.8485714285714294,0.5408711667741392,0.20443008551567335,-1.2644285714285701,2.402320389670576,1.26442857142857
MS4A6A,TT,02_10,24.6125,-5.199499999999997,3182,iMGL,Basal,-4.712642857142857,0.3455432575773149,0.1306030752521015,-0.48685714285714,1.4013886752659324,0.4868571428571399
MS4A7,TT,02_10,26.3995,-3.412499999999998,3182,iMGL,Basal,-2.7360714285714294,0.36418509814967154,0.1376490286999543,-0.6764285714285685,1.598178522218484,0.6764285714285685
TBP,TT,02_10,29.812,0,3182,iMGL,Basal,0,0,0,0,1,0
TREM2,TT,02_10,23.571,-6.240999999999996,3182,iMGL,Basal,-4.227625000000001,0.9018186601713983,0.45090933008569917,-2.0133749999999955,4.037255803683619,2.0133749999999955
TYROBP,TT,02_10,21.825,-7.986999999999998,3182,iMGL,Basal,-7.080000000000001,0.44186932457458483,0.22093466228729242,-0.9069999999999974,1.875142192914216,0.9069999999999973
ADAM10,TT,4_05,26.774,-2.3429999999999964,3182,iMGL,Basal,-2.4618333333333324,0.29473731242130513,0.17016666666666735,0.11883333333333601,0.920932081305874,-0.11883333333333596
ADAM17,TT,4_05,28.2915,-0.8254999999999981,3182,iMGL,Basal,-0.9007500000000013,0.38980026936881434,0.19490013468440717,0.07525000000000315,0.9491776267496342,-0.07525000000000323
CD33,TT,4_05,26.595,-2.5219999999999985,3182,iMGL,Basal,-2.1472500000000014,0.4686218269208856,0.2343109134604428,-0.37474999999999703,1.2966148489505984,0.3747499999999971
CLEC7A,TT,4_05,25.1085,-4.008499999999998,3182,iMGL,Basal,-4.053625,0.1770439564063124,0.0885219782031562,0.0451250000000023,0.9692058380102564,-0.045125000000002316
GAPDH,TT,4_05,22.527,-6.589999999999996,3182,iMGL,Basal,-6.678999999999999,0.23721017403700725,0.11860508701850363,0.08900000000000308,0.9401742025091241,-0.08900000000000302
MS4A14,TT,4_05,32.1965,3.079500000000003,3182,iMGL,Basal,2.9372999999999996,0.47604078081609763,0.21289190919337442,0.14220000000000343,0.9061363123937837,-0.14220000000000343
MS4A4A,TT,4_05,27.192,-1.9249999999999972,3182,iMGL,Basal,-1.8485714285714294,0.5408711667741392,0.20443008551567335,-0.07642857142856774,1.0544046014473112,0.07642857142856771
MS4A6A,TT,4_05,24.148000000000003,-4.968999999999994,3182,iMGL,Basal,-4.712642857142857,0.3455432575773149,0.1306030752521015,-0.2563571428571372,1.1944588418274957,0.2563571428571372
MS4A7,TT,4_05,26.3465,-2.7704999999999984,3182,iMGL,Basal,-2.7360714285714294,0.36418509814967154,0.1376490286999543,-0.03442857142856903,1.0241510927193629,0.03442857142856911
TBP,TT,4_05,29.116999999999997,0,3182,iMGL,Basal,0,0,0,0,1,0
TREM2,TT,4_05,24.0655,-5.051499999999997,3182,iMGL,Basal,-4.227625000000001,0.9018186601713983,0.45090933008569917,-0.8238749999999966,1.7701541503447427,0.8238749999999966
TYROBP,TT,4_05,21.737,-7.3799999999999955,3182,iMGL,Basal,-7.080000000000001,0.44186932457458483,0.22093466228729242,-0.2999999999999945,1.2311444133449116,0.29999999999999455
ADAM10,CC,10_22,26.6825,-2.1819999999999986,3182,iMGL,Basal,-2.4618333333333324,0.29473731242130513,0.17016666666666735,0.2798333333333338,0.8236861677288321,-0.2798333333333339
ADAM17,CC,10_22,28.379,-0.4855000000000018,3182,iMGL,Basal,-0.9007500000000013,0.38980026936881434,0.19490013468440717,0.41524999999999945,0.7498895374286499,-0.41524999999999945
CD33,CC,10_22,27.3885,-1.475999999999999,3182,iMGL,Basal,-2.1472500000000014,0.4686218269208856,0.2343109134604428,0.6712500000000023,0.6279623635574433,-0.6712500000000023
CLEC7A,CC,10_22,25.038,-3.8264999999999993,3182,iMGL,Basal,-4.053625,0.1770439564063124,0.0885219782031562,0.2271250000000009,0.8543357151338328,-0.22712500000000085
GAPDH,CC,10_22,22.3045,-6.559999999999999,3182,iMGL,Basal,-6.678999999999999,0.23721017403700725,0.11860508701850363,0.11900000000000066,0.9208256972050395,-0.11900000000000065
MS4A14,CC,10_22,32.0535,3.189,3182,iMGL,Basal,2.9372999999999996,0.47604078081609763,0.21289190919337442,0.2517000000000005,0.8399061283557457,-0.2517000000000004
MS4A4A,CC,10_22,27.9735,-0.8909999999999982,3182,iMGL,Basal,-1.8485714285714294,0.5408711667741392,0.20443008551567335,0.9575714285714312,0.5149229836053039,-0.9575714285714312
MS4A6A,CC,10_22,24.465,-4.3995,3182,iMGL,Basal,-4.712642857142857,0.3455432575773149,0.1306030752521015,0.31314285714285717,0.804886432994727,-0.3131428571428571
MS4A7,CC,10_22,26.653,-2.211500000000001,3182,iMGL,Basal,-2.7360714285714294,0.36418509814967154,0.1376490286999543,0.5245714285714285,0.6951655872798984,-0.5245714285714284
TBP,CC,10_22,28.8645,0,3182,iMGL,Basal,0,0,0,0,1,0
TREM2,CC,10_22,25.9525,-2.911999999999999,3182,iMGL,Basal,-4.227625000000001,0.9018186601713983,0.45090933008569917,1.3156250000000016,0.40175141212976173,-1.3156250000000016
TYROBP,CC,10_22,22.3895,-6.475000000000001,3182,iMGL,Basal,-7.080000000000001,0.44186932457458483,0.22093466228729242,0.6049999999999995,0.6574713801025356,-0.6049999999999996
ADAM10,TT,10_22,26.3425,-2.6774999999999984,3182,iMGL,Basal,-2.4618333333333324,0.29473731242130513,0.17016666666666735,-0.215666666666666,1.1612403974252223,0.21566666666666606
ADAM17,TT,10_22,28.525,-0.495000000000001,3182,iMGL,Basal,-0.9007500000000013,0.38980026936881434,0.19490013468440717,0.4057500000000003,0.7548437773866062,-0.40575000000000033
CD33,TT,10_22,27.175,-1.8449999999999989,3182,iMGL,Basal,-2.1472500000000014,0.4686218269208856,0.2343109134604428,0.30225000000000257,0.8109866101294871,-0.3022500000000025
CLEC7A,TT,10_22,25.064,-3.955999999999999,3182,iMGL,Basal,-4.053625,0.1770439564063124,0.0885219782031562,0.09762500000000118,0.9345702383365527,-0.09762500000000124
GAPDH,TT,10_22,22.9005,-6.119499999999999,3182,iMGL,Basal,-6.678999999999999,0.23721017403700725,0.11860508701850363,0.5595000000000008,0.6785372860812584,-0.5595000000000007
MS4A14,TT,10_22,31.84,2.8200000000000003,3182,iMGL,Basal,2.9372999999999996,0.47604078081609763,0.21289190919337442,-0.1172999999999993,1.084702943029004,0.11729999999999927
MS4A4A,TT,10_22,26.590000000000003,-2.429999999999996,3182,iMGL,Basal,-1.8485714285714294,0.5408711667741392,0.20443008551567335,-0.5814285714285667,1.496330196799034,0.5814285714285667
MS4A6A,TT,10_22,23.842,-5.178000000000001,3182,iMGL,Basal,-4.712642857142857,0.3455432575773149,0.1306030752521015,-0.4653571428571439,1.3806590967952497,0.46535714285714386
MS4A7,TT,10_22,25.126,-3.894000000000002,3182,iMGL,Basal,-2.7360714285714294,0.36418509814967154,0.1376490286999543,-1.1579285714285725,2.231368165732671,1.1579285714285725
TBP,TT,10_22,29.02,0,3182,iMGL,Basal,0,0,0,0,1,0
TREM2,TT,10_22,24.5165,-4.503499999999999,3182,iMGL,Basal,-4.227625000000001,0.9018186601713983,0.45090933008569917,-0.2758749999999983,1.210728177803047,0.27587499999999826
TYROBP,TT,10_22,21.6665,-7.3535,3182,iMGL,Basal,-7.080000000000001,0.44186932457458483,0.22093466228729242,-0.2734999999999994,1.2087366870190028,0.2734999999999995
ADAM10,CC,10_22,26.9045,-1.9235000000000009,3182,iMGL,IFNg,-1.984,0.08555992052357114,0.060499999999999214,0.06049999999999911,0.958931721318916,-0.0604999999999991
ADAM17,CC,10_22,27.8975,-0.9304999999999986,3182,iMGL,IFNg,-0.7407499999999985,0.26834702346029493,0.18975000000000009,-0.18975000000000009,1.1405660537067048,0.18975000000000017
CD33,CC,10_22,27.5715,-1.256499999999999,3182,iMGL,IFNg,-1.7142499999999998,0.6473562581762854,0.45775000000000077,0.45775000000000077,0.7281209373117535,-0.4577500000000009
CLEC7A,CC,10_22,24.968,-3.859999999999999,3182,iMGL,IFNg,-3.9487500000000004,0.12551145366061392,0.08875000000000122,0.08875000000000144,0.9403371364002894,-0.0887500000000015
GAPDH,CC,10_22,22.3605,-6.467499999999998,3182,iMGL,IFNg,-6.329999999999998,0.19445436482629957,0.1374999999999993,-0.1374999999999993,1.099997313278215,0.13749999999999937
MS4A14,CC,10_22,31.1545,2.3264999999999993,3182,iMGL,IFNg,2.6255000000000006,0.4228498551495572,0.2990000000000012,-0.29900000000000126,1.2302913447511454,0.29900000000000126
MS4A4A,CC,10_22,29.609,0.7810000000000024,3182,iMGL,IFNg,0.598250000000002,0.2584475285236837,0.18275000000000038,0.1827500000000004,0.8810220303840332,-0.18275000000000038
MS4A6A,CC,10_22,24.404,-4.4239999999999995,3182,iMGL,IFNg,-4.4055,0.026162950903901576,0.018499999999999517,-0.018499999999999517,1.0129057929230831,0.018499999999999503
MS4A7,CC,10_22,26.118,-2.7099999999999973,3182,iMGL,IFNg,-2.5837499999999984,0.17854446224960163,0.12624999999999884,-0.12624999999999886,1.0914529950601943,0.12624999999999892
TBP,CC,10_22,28.828,0,3182,iMGL,IFNg,0,0,0,0,1,0
TREM2,CC,10_22,28.7805,-0.04749999999999943,3182,iMGL,IFNg,-0.7467499999999987,0.9888888334893856,0.69924999999999915,0.6992499999999993,0.6158923014721671,-0.69924999999999915
TYROBP,CC,10_22,22.293,-6.535,3182,iMGL,IFNg,-6.895999999999999,0.5105310960166857,0.3609999999999988,0.3609999999999989,0.7786246910616625,-0.360999999999999
ADAM10,TT,10_22,26.659,-2.5105000000000004,3182,iMGL,IFNg,-1.984,0.08555992052357114,0.060499999999999214,-0.5265000000000004,1.4404304471689093,0.5265000000000005
ADAM17,TT,10_22,28.052,-1.1174999999999995,3182,iMGL,IFNg,-0.7407499999999985,0.26834702346029493,0.18975000000000009,-0.37675000000000103,1.29841358530521,0.3767500000000011
CD33,TT,10_22,27.2955,-1.8739999999999988,3182,iMGL,IFNg,-1.7142499999999998,0.6473562581762854,0.45775000000000077,-0.15974999999999895,1.1170935437389666,0.15974999999999884
CLEC7A,TT,10_22,25.125,-4.044499999999999,3182,iMGL,IFNg,-3.9487500000000004,0.12551145366061392,0.08875000000000122,-0.09574999999999889,1.0686207972924575,0.09574999999999886
GAPDH,TT,10_22,23.169,-6.000499999999999,3182,iMGL,IFNg,-6.329999999999998,0.19445436482629957,0.1374999999999993,0.32949999999999946,0.7958122434730502,-0.3294999999999994
MS4A4A,TT,10_22,28.01,-1.1595000000000013,3182,iMGL,IFNg,0.598250000000002,0.2584475285236837,0.18275000000000038,-1.7577500000000033,3.3817030942424045,1.7577500000000033
MS4A6A,TT,10_22,24.036499999999997,-5.133000000000003,3182,iMGL,IFNg,-4.4055,0.026162950903901576,0.018499999999999517,-0.7275000000000027,1.6557673779729498,0.7275000000000027
MS4A7,TT,10_22,25.0515,-4.1179999999999986,3182,iMGL,IFNg,-2.5837499999999984,0.17854446224960163,0.12624999999999884,-1.5342500000000001,2.896378205371676,1.5342500000000001
TBP,TT,10_22,29.1695,0,3182,iMGL,IFNg,0,0,0,0,1,0
TREM2,TT,10_22,28.7875,-0.3819999999999979,3182,iMGL,IFNg,-0.7467499999999987,0.9888888334893856,0.69924999999999915,0.3647500000000008,0.7766034384626129,-0.3647500000000008
TYROBP,TT,10_22,21.801499999999997,-7.368000000000002,3182,iMGL,IFNg,-6.895999999999999,0.5105310960166857,0.3609999999999988,-0.4720000000000031,1.387030969131388,0.472000000000003
ADAM10,CC,10_22,26.0705,-2.4090000000000025,3182,iMGL,LPS,-2.6222499999999993,0.301581042176058,0.2132499999999968,0.21324999999999683,0.8625918558126129,-0.21324999999999678
ADAM17,CC,10_22,28.2205,-0.25900000000000034,3182,iMGL,LPS,-0.5232499999999991,0.3737059338570886,0.26424999999999876,0.26424999999999876,0.8326314743388472,-0.2642499999999988
CD33,CC,10_22,27.086,-1.393500000000003,3182,iMGL,LPS,-1.891750000000002,0.7046319074523931,0.4982499999999989,0.49824999999999897,0.7079650274864763,-0.4982499999999989
CLEC7A,CC,10_22,24.880000000000003,-3.599499999999999,3182,iMGL,LPS,-3.805249999999999,0.2909744404582644,0.20575000000000007,0.2057500000000001,0.8670878053637429,-0.20575000000000004
GAPDH,CC,10_22,21.759,-6.720500000000001,3182,iMGL,LPS,-6.691750000000001,0.040658639918227185,0.028750000000000494,-0.028750000000000497,1.0201278692421198,0.028750000000000626
MS4A14,CC,10_22,32.0685,3.588999999999998,3182,iMGL,LPS,3.282499999999999,0.433456456867353,0.30649999999999955,0.30649999999999933,0.8086010600218009,-0.3064999999999994
MS4A4A,CC,10_22,28.423,-0.05649999999999977,3182,iMGL,LPS,-0.8227499999999992,1.0836411421683834,0.7662499999999994,0.7662499999999994,0.5879437334322043,-0.7662499999999994
MS4A6A,CC,10_22,25.0855,-3.394000000000002,3182,iMGL,LPS,-3.869250000000001,0.6721049955178121,0.47524999999999906,0.47524999999999906,0.719342126712724,-0.47524999999999895
MS4A7,CC,10_22,26.3065,-2.173000000000002,3182,iMGL,LPS,-2.3840000000000003,0.29839906166072094,0.2109999999999985,0.21099999999999852,0.8639381874002781,-0.21099999999999858
TBP,CC,10_22,28.4795,0,3182,iMGL,LPS,0,0,0,0,1,0
TREM2,CC,10_22,27.3375,-1.142000000000003,3182,iMGL,LPS,-2.7590000000000003,2.286783330357291,1.6169999999999973,1.6169999999999973,0.32601268381464066,-1.6169999999999973
TYROBP,CC,10_22,22.963,-5.516500000000001,3182,iMGL,LPS,-6.31025,1.122532015133643,0.7937499999999992,0.7937499999999993,0.576842753101689,-0.7937499999999994
ADAM10,TT,10_22,26.0565,-2.8455000000000013,3182,iMGL,LPS,-2.6222499999999993,0.301581042176058,0.2132499999999968,-0.22325000000000195,1.1673603724302617,0.2232500000000019
ADAM17,TT,10_22,28.257,-0.6449999999999996,3182,iMGL,LPS,-0.5232499999999991,0.3737059338570886,0.26424999999999876,-0.12175000000000047,1.0880538799638504,0.12175000000000043
CD33,TT,10_22,26.79,-2.112000000000002,3182,iMGL,LPS,-1.891750000000002,0.7046319074523931,0.4982499999999989,-0.22024999999999983,1.1649354369073495,0.22024999999999986
CLEC7A,TT,10_22,25.0105,-3.8915000000000006,3182,iMGL,LPS,-3.805249999999999,0.2909744404582644,0.20575000000000007,-0.08625000000000149,1.0616071555132567,0.08625000000000142
GAPDH,TT,10_22,22.61,-6.292000000000002,3182,iMGL,LPS,-6.691750000000001,0.040658639918227185,0.028750000000000494,0.39974999999999916,0.7579896214675353,-0.39974999999999916
MS4A14,TT,10_22,31.4195,2.5174999999999983,3182,iMGL,LPS,3.282499999999999,0.433456456867353,0.30649999999999955,-0.7650000000000006,1.6993699982773012,0.7650000000000006
MS4A4A,TT,10_22,25.9845,-2.9175000000000004,3182,iMGL,LPS,-0.8227499999999992,1.0836411421683834,0.7662499999999994,-2.0947500000000012,4.2715213698058685,2.0947500000000012
MS4A6A,TT,10_22,23.592,-5.310000000000002,3182,iMGL,LPS,-3.869250000000001,0.6721049955178121,0.47524999999999906,-1.4407500000000013,2.7146195112848037,1.4407500000000013
MS4A7,TT,10_22,24.5855,-4.316500000000001,3182,iMGL,LPS,-2.3840000000000003,0.29839906166072094,0.2109999999999985,-1.932500000000001,3.817160900128743,1.932500000000001
TBP,TT,10_22,28.902,0,3182,iMGL,LPS,0,0,0,0,1,0
TREM2,TT,10_22,24.612,-4.289999999999999,3182,iMGL,LPS,-2.7590000000000003,2.286783330357291,1.6169999999999973,-1.5309999999999988,2.889860795847049,1.5309999999999988
TYROBP,TT,10_22,21.552,-7.350000000000001,3182,iMGL,LPS,-6.31025,1.122532015133643,0.7937499999999992,-1.0397500000000015,2.0558713670827555,1.0397500000000015
ADAM10,CC,11_18,26.890500000000003,-2.4339999999999975,3182,iMGL,Basal,-2.4618333333333324,0.29473731242130513,0.17016666666666735,0.02783333333333493,0.980892314567061,-0.02783333333333491
ADAM17,CC,11_18,27.9,-1.424500000000002,3182,iMGL,Basal,-0.9007500000000013,0.38980026936881434,0.19490013468440717,-0.5237500000000008,1.4376873790217237,0.5237500000000008
CD33,CC,11_18,26.930999999999997,-2.393500000000003,3182,iMGL,Basal,-2.1472500000000014,0.4686218269208856,0.2343109134604428,-0.24625000000000163,1.1861200205403968,0.2462500000000015
CLEC7A,CC,11_18,25.1215,-4.202999999999999,3182,iMGL,Basal,-4.053625,0.1770439564063124,0.0885219782031562,-0.14937499999999915,1.1090888918286228,0.14937499999999912
GAPDH,CC,11_18,22.820500000000003,-6.503999999999998,3182,iMGL,Basal,-6.678999999999999,0.23721017403700725,0.11860508701850363,0.1750000000000016,0.8857675191023596,-0.17500000000000157
MS4A14,CC,11_18,32.254000000000005,2.9295000000000044,3182,iMGL,Basal,2.9372999999999996,0.47604078081609763,0.21289190919337442,-0.007799999999995144,1.0054211897642735,0.0077999999999952595
MS4A4A,CC,11_18,27.5045,-1.8200000000000005,3182,iMGL,Basal,-1.8485714285714294,0.5408711667741392,0.20443008551567335,0.028571428571428914,0.9803906099397732,-0.028571428571428956
MS4A6A,CC,11_18,24.834,-4.490500000000001,3182,iMGL,Basal,-4.712642857142857,0.3455432575773149,0.1306030752521015,0.2221428571428561,0.8572911425827507,-0.22214285714285606
MS4A7,CC,11_18,26.8255,-2.4990000000000023,3182,iMGL,Basal,-2.7360714285714294,0.36418509814967154,0.1376490286999543,0.23707142857142705,0.8484658926844391,-0.2370714285714271
TBP,CC,11_18,29.3245,0,3182,iMGL,Basal,0,0,0,0,1,0
TREM2,CC,11_18,24.884500000000003,-4.439999999999998,3182,iMGL,Basal,-4.227625000000001,0.9018186601713983,0.45090933008569917,-0.2123749999999971,1.158593920599637,0.21237499999999712
TYROBP,CC,11_18,21.999,-7.325499999999998,3182,iMGL,Basal,-7.080000000000001,0.44186932457458483,0.22093466228729242,-0.24549999999999716,1.1855035639789169,0.24549999999999708
